sample_id,Vito,Heidi,Urza,Fritzy,Charlie,Lily/ThorA/Anda,Cami/ThorB
sample_1,0.00255824577432618,0.992584323419185,8.32570144034635E-05,0.00268039026482256,0.000284401662655874,0.000878804825437405,0.000288229164357138
sample_2,0.511420612813371,0.401376146788991,0.0163380281690141,0.0103750997605746,0.000437509114773224,0.000547945205479452,0.000614911606456572
sample_3,0.564732142857143,0.21923937360179,0.109725685785536,0.0716723549488055,0.000589275191514437,0.0044543429844098,0.00390117035110533
sample_4,0.340659340659341,0.397058823529412,0.0969387755102041,0.128205128205128,0,0,0.00137551581843191
sample_5,0.369710467706013,0.523696682464455,0.025974025974026,0.069620253164557,0,0,0.000563380281690141
sample_6,0.123239436619718,0.401898734177215,0.00326797385620915,0.385650224215247,0,0.00606060606060606,0.00534283170080143
sample_7,0.166666666666667,0.625,0,0.142857142857143,0,0,0
sample_8,0.351973684210526,0.28500823723229,0.326951399116348,0.0296803652968037,0.00116459627329193,0.00144508670520231,0.000848176420695505
sample_9,0.224299065420561,0.45859872611465,0.0766871165644172,0.121495327102804,0.00326530612244898,0,0.000827129859387924
sample_10,0.282710280373832,0.657142857142857,0.0281030444964871,0.0208333333333333,0.0011997600479904,0,0.00110803324099723
sample_11,0.38255033557047,0.460431654676259,0.0661764705882353,0.145631067961165,0.00182481751824818,0,0
sample_12,0.148867313915858,0.621019108280255,0.0189274447949527,0.216216216216216,0,0,0.00149700598802395
sample_13,0.17741935483871,0.209677419354839,0.0857142857142857,0.583333333333333,0.00355871886120996,0,0.00425531914893617
sample_14,0.103678929765886,0.381625441696113,0.0150602409638554,0.378378378378378,0.000847457627118644,0.00277008310249308,0.0025
sample_15,0.166887417218543,0.217125382262997,0.0173661360347323,0.611909650924025,0,0.00240384615384615,0.0038109756097561
sample_16,0.162790697674419,0.181818181818182,0.0454545454545455,0.35,0,0,0
sample_17,0.159090909090909,0.211627906976744,0.0089086859688196,0.666666666666667,0,0,0.00220143093010457
sample_18,0,0.272727272727273,0,0.5,0,0,0
sample_19,0.150943396226415,0.213483146067416,0.115384615384615,0.546875,0,0,0.00490196078431373
sample_21,0.2,0.117647058823529,0,0.4,0,0,0
sample_22,0.0663841807909605,0.136431784107946,0.00606980273141123,0.798715203426124,0.000720980533525595,0.00672947510094213,0.000410677618069815
sample_23,0.0925925925925926,0.0997038499506417,0.00626304801670146,0.776098901098901,0.00050314465408805,0.00576923076923077,0.00110619469026549
sample_24,0.0816696914700544,0.0368217054263566,0.0114068441064639,0.892307692307692,0.000420521446593776,0.0016366612111293,0.000506072874493927
sample_25,0,0.0833333333333333,0.2,0.857142857142857,0.0196078431372549,0,0
sample_26,0.138297872340426,0.5,0.0120481927710843,0.38,0.00255102040816327,0.0101010101010101,0.00326797385620915
sample_27,0.223684210526316,0.304054054054054,0.0115606936416185,0.494623655913979,0,0.00537634408602151,0.00378787878787879
sample_28,0.106951871657754,0.140056022408964,0.00699300699300699,0.757467144563919,0.000216872695727608,0.00149142431021626,0.00140154169586545
sample_29,0.117647058823529,0.833333333333333,0,0,0,0,0.0144927536231884
sample_31,0,,,,0,0,0
sample_32,,,,,,,0
sample_33,0.5,0.333333333333333,,,0.166666666666667,,0.0909090909090909
sample_36,0.00128865979381443,0,0,0,0.000853242320819113,0.983281086729363,0.0006426735218509
sample_37,0.000618429189857761,0,0,0.000829187396351576,0.000288766965059197,0.972207656004195,0.00154130702836005
sample_38,0,0,0,0,0,0.981818181818182,0
sample_40,0.000600600600600601,0,0.000598086124401914,0.00263620386643234,0.000581310855980235,0.976439790575916,0.000159744408945687
sample_41,0.00112739571589628,0.00121212121212121,0,0,0.000260416666666667,0.978918423464711,0.000553556601162469
sample_42,0.00147058823529412,0,0,0.0026525198938992,0.000381825124093165,0.971428571428571,0.000420698359276399
sample_44,0.00403225806451613,0,0,0,0.00224971878515186,0.957345971563981,0.000955109837631328
sample_46,,,,0,0,,0
sample_47,0,0,0,0,0,0.950354609929078,0.0153508771929825
sample_48,,,,,,,0
sample_49,0,0,0,0,0,0.931034482758621,0.0210526315789474
sample_50,,,,,,,0
sample_52,,0,0,,0.333333333333333,0.5,0
sample_53,,,,,0,,
sample_54,,,0,0,1,0.333333333333333,0
sample_55,,,,,,,0
sample_56,0,,0,,0.142857142857143,0.333333333333333,0
sample_57,0,0,0,0,0,1,0
sample_59,0,0,0,0.0714285714285714,0.0720720720720721,0.958333333333333,0.0117647058823529
sample_60,,0,0,0.333333333333333,0,0.909090909090909,0
sample_61,0,0,0,0,0,1,0.0333333333333333
sample_62,0,,,,0,,
sample_63,,,,,0,1,0
sample_64,0,0,0,,0,1,0
sample_65,0,0,0,0,0.037037037037037,1,0
sample_66,,0,,,0,0.5,0
sample_67,0,0,0,0.2,0,0.625,0.111111111111111
sample_68,0,0.5,0,0,0,0.666666666666667,0.0769230769230769
sample_69,0.027027027027027,0.0232558139534884,0.025,0.0384615384615385,0,0.743589743589744,0.0223880597014925
sample_70,0,0,0,0.6,0,0.166666666666667,0.2
sample_71,0,,0,0.666666666666667,0.0555555555555556,0,0.0714285714285714
sample_72,0,0,0,0.111111111111111,0.0777777777777778,0.740740740740741,0.0731707317073171
sample_73,0.1875,0,0,0,0.0379746835443038,0.7,0.194805194805195
sample_74,0,0,0,0,0,0,0.875
sample_75,0,0,0,0,0.00342465753424658,0.0609756097560976,0.952727272727273
sample_76,,0,0,0,0,0,0.133333333333333
sample_77,0,0,0,0.0175438596491228,0.0310344827586207,0.0422535211267606,0.89433962264151
sample_78,,0,0,,0,0,0.615384615384615
sample_79,0,0,0.0714285714285714,0.333333333333333,0.214285714285714,0.285714285714286,0.06
sample_80,,,,,,,1
sample_81,0,0,0,0.666666666666667,0.0277777777777778,0.0555555555555556,0.0540540540540541
sample_82,0,,0,,0,1,0
